[1,["ecpdLyjvZBwrvm+cedCcQy","a2MjXRFdtLlYQ5ouAFv/+R","4axONbURlNXqr3fPVDlheC","cf73jxyN9Jt47QTJU6ziYh","99FwsL0hBG8bITfZ4/IwmK","02delMVqdBD70a/HSD99FK","51iTg1Bl9FzpmExzJSpKuD","25+XZSzCZJmqIDZDweh+V/","8855/VlrRKd6H0MSRnFxAU","a4w7dkzpJEcK3f24JFhpny","675ovJ2tVK2aLYfgPUWOMv"],["node","_spriteFrame","_textureSetter","_parent","beginBtn","proText","label2","label","layer","_N$barSprite","scene","notice","manifestUrl"],[["cc.Node",["_name","_id","_components","_contentSize","_parent","_children","_trs","_color"],1,9,5,1,2,7,5],"cc.SpriteFrame",["cc.Sprite",["_sizeMode","_type","node","_materials","_spriteFrame"],1,1,3,6],["cc.Node",["_name","_objFlags","_parent","_components","_contentSize","_trs","_color","_anchorPoint"],1,1,2,5,7,5,5],["cc.Widget",["_alignFlags","_bottom","node"],1,1],["cc.SceneAsset",["_name","asyncLoadAssets"],1],["cc.Node",["_name","_parent","_components","_contentSize","_trs"],2,1,12,5,7],["cc.Canvas",["_fitWidth","_fitHeight","node","_designResolution"],1,1,5],["33bc4vVtGdFQYlG+xqzoTmP",["node","proText","beginBtn"],3,1,1,1],["faf17cE1SpOnZQnTWPRja72",["node","label","label2","manifestUrl"],3,1,1,1,6],["5a071bb5GpELJAahO7MA/8T",["node","layer","notice"],3,1,1,6],["cc.ProgressBar",["_N$totalLength","_N$progress","node","_N$barSprite"],1,1,1],["cc.Button",["_N$transition","node"],2,1],["cc.Scene",["_name","_children","_anchorPoint","_trs"],2,2,5,7],["cc.Camera",["_clearFlags","_depth","node"],1,1],["cc.Label",["_string","_N$horizontalAlign","_N$verticalAlign","node","_materials"],0,1,3]],[[0,0,4,2,3,2],[15,0,1,2,3,4,4],[4,0,2,2],[2,0,2,3,4,2],[0,0,1,5,2,3,6,3],[3,0,2,3,6,4,5,2],[5,0,1,3],[0,0,5,2,3,2],[0,0,4,2,3,6,2],[0,0,4,5,2],[0,0,4,2,7,3,6,2],[6,0,1,2,3,4,2],[3,0,1,2,3,4,7,5,3],[7,0,1,2,3,3],[4,0,1,2,3],[8,0,1,2,1],[9,0,1,2,3,1],[10,0,1,2,1],[2,1,0,2,3,4,3],[2,1,0,2,3,3],[11,0,1,2,3,3],[12,0,1,2],[13,0,1,2,3,2],[14,0,1,2,3]],[[[{"name":"bg1","rect":[0,0,700,1296],"offset":[0,0],"originalSize":[700,1296],"capInsets":[0,0,0,0]}],[1],0,[0],[2],[2]],[[{"name":"default_progressbar","rect":[0,0,30,15],"offset":[0,0],"originalSize":[30,15],"capInsets":[10,4,10,4]}],[1],0,[0],[2],[3]],[[{"name":"default_progressbar_bg","rect":[0,0,60,15],"offset":[0,0],"originalSize":[60,15],"capInsets":[10,4,10,4]}],[1],0,[0],[2],[4]],[[{"name":"default_sprite_splash","rect":[0,0,2,2],"offset":[0,0],"originalSize":[2,2],"capInsets":[0,0,0,0]}],[1],0,[0],[2],[5]],[[[6,"Loading",null],[4,"Canvas","a5esZu+45LA5mBpvttspPD",[-9,-10,-11,-12,-13,-14,-15,-16],[[13,true,false,-1,[5,750,1334]],[2,45,-2],[15,-5,-4,-3],[16,-8,-7,-6,14]],[5,750,1334],[375,667,0,0,0,0,1,1,1,1]],[4,"baseApp","cfMWCGIptFNpZgJTiHomSc",[-20],[[17,-18,-17,0],[2,45,-19]],[5,750,1334],[375,667,0,0,0,0,1,1,1,1]],[7,"New ProgressBar",[-24],[[18,1,0,-21,[10],11],[20,300,0.1,-23,-22]],[5,300,40]],[8,"New Sprite(Splash)",1,[[3,0,-25,[12],13],[21,3,-26]],[5,100,100],[-4.712,-216.75,0,0,0,0,1,1,1,0]],[22,"New Node",[2,1],[0,0,0],[0,0,0,0,0,0,1,1,1,1]],[0,"layer",2,[[2,45,-27]],[5,750,1334]],[11,"loadText",1,[[-28,[14,4,300,-29]],1,4],[5,97.87,50.4],[0,-341.8,0,0,0,0,1,1,1,1]],[9,"update",1,[-30,3]],[0,"Main Camera",1,[[23,7,-1,-31]],[5,960,640]],[0,"bg",1,[[3,0,-32,[1],2]],[5,750,1624]],[10,"version",1,[[1,"1.0.1",1,1,-33,[3]]],[4,4278190080],[5,88.96,50.4],[-306.063,573.173,0,0,0,0,1,1,1,1]],[1,"Label",1,1,7,[4]],[5,"label1",1,[-34],[4,4278190080],[5,97.87,50.4],[-138.769,130.842,0,0,0,0,1,1,1,1]],[1,"Label",1,1,13,[5]],[5,"label2",1,[-35],[4,4278190084],[5,97.87,50.4],[115.796,129.432,0,0,0,0,1,1,1,1]],[1,"Label",1,1,15,[6]],[0,"bg",8,[[3,0,-36,[7],8]],[5,400,200]],[12,"bar",512,3,[-37],[5,30,40],[0,0,0.5],[-150,0,0,0,0,0,1,1,1,1]],[19,1,0,18,[9]]],0,[0,0,1,0,0,1,0,4,4,0,5,12,0,0,1,0,6,16,0,7,14,0,0,1,0,-1,9,0,-2,10,0,-3,11,0,-4,7,0,-5,13,0,-6,15,0,-7,8,0,-8,4,0,8,6,0,0,2,0,0,2,0,-1,6,0,0,3,0,9,19,0,0,3,0,-1,18,0,0,4,0,0,4,0,0,6,0,-1,12,0,0,7,0,-1,17,0,0,9,0,0,10,0,0,11,0,-1,14,0,-1,16,0,0,17,0,-1,19,0,10,5,1,3,5,2,3,5,3,3,8,37],[0,0,0,0,0,0,0,0,0,0,0,0,0,0,0,19],[11,-1,1,-1,-1,-1,-1,-1,1,-1,-1,1,-1,1,12,1],[6,0,7,0,0,0,0,0,1,0,0,8,0,1,9,10]]]]