[1,["4axONbURlNXqr3fPVDlheC","ecpdLyjvZBwrvm+cedCcQy","25+XZSzCZJmqIDZDweh+V/"],["node","_textureSetter","scene","_parent","_spriteFrame"],[["cc.Node",["_name","_id","_components","_contentSize","_children","_trs","_parent"],1,9,5,2,7,1],"cc.SpriteFrame",["cc.SceneAsset",["_name","asyncLoadAssets"],1],["cc.Canvas",["node","_designResolution"],3,1,5],["cc.Widget",["_alignFlags","node"],2,1],["33bc4vVtGdFQYlG+xqzoTmP",["node"],3,1],["cc.Scene",["_name","_children","_anchorPoint","_trs"],2,2,5,7],["cc.Camera",["_clearFlags","_depth","node"],1,1],["cc.Sprite",["_sizeMode","node","_materials","_spriteFrame"],2,1,3,6]],[[0,0,6,2,3,2],[2,0,1,3],[0,0,1,4,2,3,5,3],[3,0,1,1],[4,0,1,2],[5,0,1],[6,0,1,2,3,2],[7,0,1,2,3],[8,0,1,2,3,2]],[[[{"name":"bg1","rect":[0,0,700,1296],"offset":[0,0],"originalSize":[700,1296],"capInsets":[0,0,0,0]}],[1],0,[0],[1],[0]],[[[1,"Loading",null],[2,"Canvas","a5esZu+45LA5mBpvttspPD",[-4,-5],[[3,-1,[5,750,1334]],[4,45,-2],[5,-3]],[5,750,1334],[375,667,0,0,0,0,1,1,1,1]],[6,"New Node",[1],[0,0,0],[0,0,0,0,0,0,1,1,1,1]],[0,"Main Camera",1,[[7,7,-1,-6]],[5,960,640]],[0,"bg",1,[[8,0,-7,[0],1]],[5,750,1624]]],0,[0,0,1,0,0,1,0,0,1,0,-1,3,0,-2,4,0,0,3,0,0,4,0,2,2,1,3,2,7],[0,0],[-1,4],[1,2]]]]