[1,["ecpdLyjvZBwrvm+cedCcQy","a2MjXRFdtLlYQ5ouAFv/+R","4axONbURlNXqr3fPVDlheC","cf73jxyN9Jt47QTJU6ziYh","99FwsL0hBG8bITfZ4/IwmK","02delMVqdBD70a/HSD99FK","51iTg1Bl9FzpmExzJSpKuD","25+XZSzCZJmqIDZDweh+V/","8855/VlrRKd6H0MSRnFxAU","08MMsPwtlCFL1Xlp2wulaA","675ovJ2tVK2aLYfgPUWOMv"],["node","_spriteFrame","_textureSetter","_parent","beginBtn","proText","updateWindow","label2","label","layer","_N$barSprite","scene","notice","manifestUrl"],[["cc.Node",["_name","_id","_components","_contentSize","_parent","_children","_trs","_color"],1,9,5,1,2,7,5],"cc.SpriteFrame",["cc.Sprite",["_sizeMode","_type","node","_materials","_spriteFrame"],1,1,3,6],["cc.Button",["_N$transition","node","clickEvents"],2,1,9],["cc.Node",["_name","_objFlags","_parent","_components","_contentSize","_trs","_color","_anchorPoint"],1,1,2,5,7,5,5],["cc.Widget",["_alignFlags","_bottom","node"],1,1],["cc.SceneAsset",["_name","asyncLoadAssets"],1],["cc.Node",["_name","_parent","_components","_contentSize","_trs"],2,1,12,5,7],["cc.Canvas",["_fitWidth","_fitHeight","node","_designResolution"],1,1,5],["33bc4vVtGdFQYlG+xqzoTmP",["node","proText","beginBtn"],3,1,1,1],["faf17cE1SpOnZQnTWPRja72",["node","label","label2","updateWindow","manifestUrl"],3,1,1,1,1,6],["5a071bb5GpELJAahO7MA/8T",["node","layer","notice"],3,1,1,6],["cc.ProgressBar",["_N$totalLength","_N$progress","node","_N$barSprite"],1,1,1],["cc.ClickEvent",["_componentId","handler","target"],1,1],["cc.Scene",["_name","_children","_anchorPoint","_trs"],2,2,5,7],["cc.Camera",["_clearFlags","_depth","node"],1,1],["cc.Label",["_string","_N$horizontalAlign","_N$verticalAlign","node","_materials"],0,1,3]],[[0,0,4,2,3,2],[16,0,1,2,3,4,4],[2,0,2,3,4,2],[5,0,2,2],[0,0,1,5,2,3,6,3],[0,0,4,5,2,7,3,6,2],[4,0,2,3,6,4,5,2],[13,0,1,2,3],[6,0,1,3],[0,0,4,5,2],[0,0,4,5,2,3,2],[0,0,4,2,3,6,2],[0,0,4,2,7,3,6,2],[7,0,1,2,3,4,2],[4,0,1,2,3,4,7,5,3],[8,0,1,2,3,3],[5,0,1,2,3],[9,0,1,2,1],[10,0,1,2,3,4,1],[11,0,1,2,1],[2,1,0,2,3,4,3],[2,1,0,2,3,3],[12,0,1,2,3,3],[3,0,1,2,2],[3,1,2,1],[3,0,1,2],[14,0,1,2,3,2],[15,0,1,2,3]],[[[{"name":"bg1","rect":[0,0,700,1296],"offset":[0,0],"originalSize":[700,1296],"capInsets":[0,0,0,0]}],[1],0,[0],[2],[2]],[[{"name":"default_progressbar","rect":[0,0,30,15],"offset":[0,0],"originalSize":[30,15],"capInsets":[10,4,10,4]}],[1],0,[0],[2],[3]],[[{"name":"default_progressbar_bg","rect":[0,0,60,15],"offset":[0,0],"originalSize":[60,15],"capInsets":[10,4,10,4]}],[1],0,[0],[2],[4]],[[{"name":"default_sprite_splash","rect":[0,0,2,2],"offset":[0,0],"originalSize":[2,2],"capInsets":[0,0,0,0]}],[1],0,[0],[2],[5]],[[[8,"Loading",null],[4,"Canvas","a5esZu+45LA5mBpvttspPD",[-10,-11,-12,-13,-14,-15,-16,-17],[[15,true,false,-1,[5,750,1334]],[3,45,-2],[17,-5,-4,-3],[18,-9,-8,-7,-6,20]],[5,750,1334],[375,667,0,0,0,0,1,1,1,1]],[9,"update",1,[-18,-19,-20,-21]],[4,"baseApp","cfMWCGIptFNpZgJTiHomSc",[-25],[[19,-23,-22,0],[3,45,-24]],[5,750,1334],[375,667,0,0,0,0,1,1,1,1]],[10,"New ProgressBar",2,[-29],[[20,1,0,-26,[10],11],[22,300,0.1,-28,-27]],[5,300,40]],[5,"update",2,[-32],[[2,0,-30,[13],14],[23,3,-31,[[7,"faf17cE1SpOnZQnTWPRja72","hotUpdate",1]]]],[4,4278255385],[5,100,50],[-120.297,-55.522,0,0,0,0,1,1,1,0]],[5,"bigin",2,[-35],[[2,0,-33,[16],17],[24,-34,[[7,"33bc4vVtGdFQYlG+xqzoTmP","beginGame",1]]]],[4,4278255385],[5,100,50],[120,-55.522,0,0,0,0,1,1,1,1]],[11,"New Sprite(Splash)",1,[[2,0,-36,[18],19],[25,3,-37]],[5,100,100],[-4.712,-216.75,0,0,0,0,1,1,1,0]],[26,"New Node",[3,1],[0,0,0],[0,0,0,0,0,0,1,1,1,1]],[0,"layer",3,[[3,45,-38]],[5,750,1334]],[13,"loadText",1,[[-39,[16,4,300,-40]],1,4],[5,97.87,50.4],[0,-341.8,0,0,0,0,1,1,1,1]],[0,"Main Camera",1,[[27,7,-1,-41]],[5,960,640]],[0,"bg",1,[[2,0,-42,[1],2]],[5,750,1624]],[12,"version",1,[[1,"1.0.1",1,1,-43,[3]]],[4,4278190080],[5,88.96,50.4],[-306.063,573.173,0,0,0,0,1,1,1,1]],[1,"Label",1,1,10,[4]],[6,"label1",1,[-44],[4,4278190080],[5,97.87,50.4],[-138.769,130.842,0,0,0,0,1,1,1,1]],[1,"Label",1,1,15,[5]],[6,"label2",1,[-45],[4,4278190084],[5,97.87,50.4],[115.796,129.432,0,0,0,0,1,1,1,1]],[1,"Label",1,1,17,[6]],[0,"bg",2,[[2,0,-46,[7],8]],[5,400,200]],[14,"bar",512,4,[-47],[5,30,40],[0,0,0.5],[-150,0,0,0,0,0,1,1,1,1]],[21,1,0,20,[9]],[0,"New Label",5,[[1,"更新",1,1,-48,[12]]],[5,80,50.4]],[0,"New Label",6,[[1,"进入",1,1,-49,[15]]],[5,80,50.4]]],0,[0,0,1,0,0,1,0,4,7,0,5,14,0,0,1,0,6,2,0,7,18,0,8,16,0,0,1,0,-1,11,0,-2,12,0,-3,13,0,-4,10,0,-5,15,0,-6,17,0,-7,2,0,-8,7,0,-1,19,0,-2,4,0,-3,5,0,-4,6,0,9,9,0,0,3,0,0,3,0,-1,9,0,0,4,0,10,21,0,0,4,0,-1,20,0,0,5,0,0,5,0,-1,22,0,0,6,0,0,6,0,-1,23,0,0,7,0,0,7,0,0,9,0,-1,14,0,0,10,0,0,11,0,0,12,0,0,13,0,-1,16,0,-1,18,0,0,19,0,-1,21,0,0,22,0,0,23,0,11,8,1,3,8,3,3,8,49],[0,0,0,0,0,0,0,0,0,0,0,0,0,0,0,0,0,0,0,0,0,21],[12,-1,1,-1,-1,-1,-1,-1,1,-1,-1,1,-1,-1,1,-1,-1,1,-1,1,13,1],[6,0,7,0,0,0,0,0,1,0,0,8,0,0,1,0,0,1,0,1,9,10]]]]