[1,["ecpdLyjvZBwrvm+cedCcQy","a2MjXRFdtLlYQ5ouAFv/+R","56y5NWVLFErLWgl0uVITdt","8c20Sso/ZEn7NUfNSM+EBh","a1RJbUaDpP87EtRe3NyYii","6eBWFz0oVHPLIGQKf/9Thu","02delMVqdBD70a/HSD99FK"],["node","_spriteFrame","_textureSetter","img2","img1","btnCopy","btnRelease","scene","_parent"],["cc.SpriteFrame",["cc.Node",["_name","_id","_components","_contentSize","_trs","_parent","_children"],1,9,5,7,1,2],["cc.Sprite",["_sizeMode","node","_materials","_spriteFrame"],2,1,3,6],["cc.SceneAsset",["_name","asyncLoadAssets"],1],["cc.Node",["_name","_parent","_components","_contentSize","_trs"],2,1,2,5,7],["cc.Canvas",["_fitWidth","_fitHeight","node","_designResolution"],1,1,5],["cc.Widget",["_alignFlags","node"],2,1],["28c1aw7qXtBtJoSY3sT0EXm",["_enabled","test","node","btnRelease","btnCopy","img1","img2"],1,1,1,1,1,1],["cc.Scene",["_name","_active","_children","_anchorPoint","_trs"],1,2,5,7],["cc.Camera",["_clearFlags","_depth","node"],1,1]],[[1,0,5,2,3,4,2],[4,0,1,2,3,4,2],[2,0,1,2,3,2],[3,0,1,3],[1,0,1,6,2,3,4,3],[1,0,5,2,3,2],[5,0,1,2,3,3],[6,0,1,2],[7,0,1,2,3,4,5,6,3],[2,0,1,2,2],[2,1,2,1],[8,0,1,2,3,4,3],[9,0,1,2,3]],[[[[3,"test",null],[4,"Canvas","a5esZu+45LA5mBpvttspPD",[-8,-9,-10,-11,-12],[[6,true,false,-1,[5,750,1334]],[7,45,-2],[8,false,2,-7,-6,-5,-4,-3]],[5,750,1334],[375,667,0,0,0,0,1,1,1,1]],[0,"release",1,[[2,0,-13,[1],2]],[5,100,100],[-193.98,-513.636,0,0,0,0,1,1,1,1]],[0,"copy",1,[[2,0,-14,[4],5]],[5,100,100],[158.462,-513.636,0,0,0,0,1,1,1,1]],[11,"New Node",false,[1],[0,0,0],[0,0,0,0,0,0,1,1,1,1]],[5,"Main Camera",1,[[12,7,-1,-15]],[5,960,640]],[1,"bg1",1,[-16],[5,300,300],[-14.362,10.563,0,0,0,0,1,1,1,1]],[9,0,6,[0]],[1,"New Sprite",1,[-17],[5,40,36],[21.857,494.511,0,0,0,0,1,1,1,1]],[10,8,[3]]],0,[0,0,1,0,0,1,0,3,9,0,4,7,0,5,3,0,6,2,0,0,1,0,-1,5,0,-2,6,0,-3,2,0,-4,8,0,-5,3,0,0,2,0,0,3,0,0,5,0,-1,7,0,-1,9,0,7,4,1,8,4,17],[0,0,0,0,0,0,7,9],[-1,-1,1,-1,-1,1,1,1],[0,0,1,0,0,1,2,3]],[[{"name":"bg1","rect":[0,0,640,856],"offset":[0,0],"originalSize":[640,856],"capInsets":[0,0,0,0]}],[0],0,[0],[2],[4]],[[{"name":"default_sprite","rect":[0,2,40,36],"offset":[0,0],"originalSize":[40,40],"capInsets":[0,0,0,0]}],[0],0,[0],[2],[5]],[[{"name":"default_sprite_splash","rect":[0,0,2,2],"offset":[0,0],"originalSize":[2,2],"capInsets":[0,0,0,0]}],[0],0,[0],[2],[6]]]]